Country Name,Country Code,Series Name,Series Code,2011 [YR2011],2012 [YR2012],2013 [YR2013],2014 [YR2014],2015 [YR2015],2016 [YR2016],Long Name,Income Group,RegionAruba,ABW,CO2 emissions (kt),EN.ATM.CO2E.KT,2438.555,1301.785,876.413,..,..,..,Aruba,High income,Latin America & CaribbeanAndorra,ADO,CO2 emissions (kt),EN.ATM.CO2E.KT,491.378,491.378,491.378,..,..,..,Principality of Andorra,High income,Europe & Central AsiaAfghanistan,AFG,CO2 emissions (kt),EN.ATM.CO2E.KT,12251.447,20454.526,21268.6,..,..,..,Islamic State of Afghanistan,Low income,South AsiaAngola,AGO,CO2 emissions (kt),EN.ATM.CO2E.KT,30340.758,33399.036,32463.951,..,..,..,People's Republic of Angola,Upper middle income,Sub-Saharan AfricaAlbania,ALB,CO2 emissions (kt),EN.ATM.CO2E.KT,5240.143,4712.095,4814.771,..,..,..,Republic of Albania,Upper middle income,Europe & Central AsiaUnited Arab Emirates,ARE,CO2 emissions (kt),EN.ATM.CO2E.KT,159584.173,172356.334,169122.04,..,..,..,United Arab Emirates,High income,Middle East & North AfricaArgentina,ARG,CO2 emissions (kt),EN.ATM.CO2E.KT,191633.753,192359.819,189818.588,..,..,..,Argentine Republic,Upper middle income,Latin America & CaribbeanArmenia,ARM,CO2 emissions (kt),EN.ATM.CO2E.KT,4917.447,5694.851,5496.833,..,..,..,Republic of Armenia,Lower middle income,Europe & Central AsiaAmerican Samoa,ASM,CO2 emissions (kt),EN.ATM.CO2E.KT,..,..,..,..,..,..,American Samoa,Upper middle income,East Asia & PacificAntigua and Barbuda,ATG,CO2 emissions (kt),EN.ATM.CO2E.KT,513.38,524.381,524.381,..,..,..,Antigua and Barbuda,High income,Latin America & CaribbeanAustralia,AUS,CO2 emissions (kt),EN.ATM.CO2E.KT,376710.91,375456.796,377906.352,..,..,..,Commonwealth of Australia,High income,East Asia & PacificAustria,AUT,CO2 emissions (kt),EN.ATM.CO2E.KT,65257.932,62247.325,62408.673,..,..,..,Republic of Austria,High income,Europe & Central AsiaAzerbaijan,AZE,CO2 emissions (kt),EN.ATM.CO2E.KT,33446.707,35555.232,35643.24,..,..,..,Republic of Azerbaijan,Upper middle income,Europe & Central AsiaBurundi,BDI,CO2 emissions (kt),EN.ATM.CO2E.KT,242.022,282.359,293.36,..,..,..,Republic of Burundi,Low income,Sub-Saharan AfricaBelgium,BEL,CO2 emissions (kt),EN.ATM.CO2E.KT,98917.325,92195.714,93618.51,..,..,..,Kingdom of Belgium,High income,Europe & Central AsiaBenin,BEN,CO2 emissions (kt),EN.ATM.CO2E.KT,5306.149,5511.501,5797.527,..,..,..,Republic of Benin,Low income,Sub-Saharan AfricaBurkina Faso,BFA,CO2 emissions (kt),EN.ATM.CO2E.KT,2211.201,2629.239,3058.278,..,..,..,Burkina Faso,Low income,Sub-Saharan AfricaBangladesh,BGD,CO2 emissions (kt),EN.ATM.CO2E.KT,63571.112,67480.134,68950.601,..,..,..,People's Republic of Bangladesh,Lower middle income,South AsiaBulgaria,BGR,CO2 emissions (kt),EN.ATM.CO2E.KT,49343.152,44873.079,39563.263,..,..,..,Republic of Bulgaria,Upper middle income,Europe & Central AsiaBahrain,BHR,CO2 emissions (kt),EN.ATM.CO2E.KT,29365.336,29086.644,31957.905,..,..,..,Kingdom of Bahrain,High income,Middle East & North Africa"Bahamas, The",BHS,CO2 emissions (kt),EN.ATM.CO2E.KT,1906.84,1917.841,3109.616,..,..,..,Commonwealth of The Bahamas,High income,Latin America & CaribbeanBosnia and Herzegovina,BIH,CO2 emissions (kt),EN.ATM.CO2E.KT,23886.838,22258.69,21906.658,..,..,..,Bosnia and Herzegovina,Upper middle income,Europe & Central AsiaBelarus,BLR,CO2 emissions (kt),EN.ATM.CO2E.KT,63655.453,63222.747,63769.13,..,..,..,Republic of Belarus,Upper middle income,Europe & Central AsiaBelize,BLZ,CO2 emissions (kt),EN.ATM.CO2E.KT,597.721,480.377,517.047,..,..,..,Belize,Upper middle income,Latin America & CaribbeanBermuda,BMU,CO2 emissions (kt),EN.ATM.CO2E.KT,396.036,443.707,363.033,..,..,..,The Bermudas,High income,North AmericaBolivia,BOL,CO2 emissions (kt),EN.ATM.CO2E.KT,16145.801,18793.375,19702.791,..,..,..,Plurinational State of Bolivia,Lower middle income,Latin America & CaribbeanBrazil,BRA,CO2 emissions (kt),EN.ATM.CO2E.KT,439412.943,470028.726,503677.118,..,..,..,Federative Republic of Brazil,Upper middle income,Latin America & CaribbeanBarbados,BRB,CO2 emissions (kt),EN.ATM.CO2E.KT,1529.139,1470.467,1448.465,..,..,..,Barbados,High income,Latin America & CaribbeanBrunei Darussalam,BRN,CO2 emissions (kt),EN.ATM.CO2E.KT,9695.548,9651.544,7785.041,..,..,..,Brunei Darussalam,High income,East Asia & PacificBhutan,BTN,CO2 emissions (kt),EN.ATM.CO2E.KT,733.4,817.741,883.747,..,..,..,Kingdom of Bhutan,Lower middle income,South AsiaBotswana,BWA,CO2 emissions (kt),EN.ATM.CO2E.KT,4400.4,4448.071,5423.493,..,..,..,Republic of Botswana,Upper middle income,Sub-Saharan AfricaCentral African Republic,CAF,CO2 emissions (kt),EN.ATM.CO2E.KT,278.692,293.36,297.027,..,..,..,Central African Republic,Low income,Sub-Saharan AfricaCanada,CAN,CO2 emissions (kt),EN.ATM.CO2E.KT,497329.541,481601.778,475734.578,..,..,..,Canada,High income,North AmericaSwitzerland,CHE,CO2 emissions (kt),EN.ATM.CO2E.KT,36967.027,37740.764,40348.001,..,..,..,Switzerland,High income,Europe & Central AsiaChannel Islands,CHI,CO2 emissions (kt),EN.ATM.CO2E.KT,..,..,..,..,..,..,Channel Islands,High income,Europe & Central AsiaChile,CHL,CO2 emissions (kt),EN.ATM.CO2E.KT,79243.87,80974.694,83171.227,..,..,..,Republic of Chile,High income,Latin America & CaribbeanChina,CHN,CO2 emissions (kt),EN.ATM.CO2E.KT,9724590.64,10020744.89,10249463.02,..,..,..,People's Republic of China,Upper middle income,East Asia & PacificCote d'Ivoire,CIV,CO2 emissions (kt),EN.ATM.CO2E.KT,6398.915,8390.096,8987.817,..,..,..,Republic of C™te d'Ivoire,Lower middle income,Sub-Saharan AfricaCameroon,CMR,CO2 emissions (kt),EN.ATM.CO2E.KT,5768.191,6127.557,6813.286,..,..,..,Republic of Cameroon,Lower middle income,Sub-Saharan Africa"Congo, Rep.",COG,CO2 emissions (kt),EN.ATM.CO2E.KT,2233.203,2383.55,2482.559,..,..,..,Republic of Congo,Lower middle income,Sub-Saharan AfricaColombia,COL,CO2 emissions (kt),EN.ATM.CO2E.KT,76530.29,79874.594,89625.147,..,..,..,Republic of Colombia,Upper middle income,Latin America & CaribbeanComoros,COM,CO2 emissions (kt),EN.ATM.CO2E.KT,150.347,146.68,161.348,..,..,..,Union of the Comoros,Low income,Sub-Saharan AfricaCabo Verde,CPV,CO2 emissions (kt),EN.ATM.CO2E.KT,531.715,495.045,443.707,..,..,..,Republic of Cabo Verde,Lower middle income,Sub-Saharan AfricaCosta Rica,CRI,CO2 emissions (kt),EN.ATM.CO2E.KT,7741.037,7766.706,7616.359,..,..,..,Republic of Costa Rica,Upper middle income,Latin America & CaribbeanCuba,CUB,CO2 emissions (kt),EN.ATM.CO2E.KT,35987.938,36156.62,39339.576,..,..,..,Republic of Cuba,Upper middle income,Latin America & CaribbeanCuracao,CUW,CO2 emissions (kt),EN.ATM.CO2E.KT,..,6028.548,5254.811,..,..,..,Curaçao,High income,Latin America & CaribbeanCayman Islands,CYM,CO2 emissions (kt),EN.ATM.CO2E.KT,594.054,542.716,539.049,..,..,..,Cayman Islands,High income,Latin America & CaribbeanCyprus,CYP,CO2 emissions (kt),EN.ATM.CO2E.KT,7425.675,6919.629,5947.874,..,..,..,Republic of Cyprus,High income,Europe & Central AsiaCzech Republic,CZE,CO2 emissions (kt),EN.ATM.CO2E.KT,106907.718,101036.851,98660.635,..,..,..,Czech Republic,High income,Europe & Central AsiaGermany,DEU,CO2 emissions (kt),EN.ATM.CO2E.KT,732120.217,739300.203,757312.507,..,..,..,Federal Republic of Germany,High income,Europe & Central AsiaDjibouti,DJI,CO2 emissions (kt),EN.ATM.CO2E.KT,473.043,517.047,608.722,..,..,..,Republic of Djibouti,Lower middle income,Middle East & North AfricaDominica,DMA,CO2 emissions (kt),EN.ATM.CO2E.KT,128.345,135.679,132.012,..,..,..,Commonwealth of Dominica,Upper middle income,Latin America & CaribbeanDenmark,DNK,CO2 emissions (kt),EN.ATM.CO2E.KT,40645.028,36405.976,38067.127,..,..,..,Kingdom of Denmark,High income,Europe & Central AsiaDominican Republic,DOM,CO2 emissions (kt),EN.ATM.CO2E.KT,22082.674,22746.401,22071.673,..,..,..,Dominican Republic,Upper middle income,Latin America & CaribbeanAlgeria,DZA,CO2 emissions (kt),EN.ATM.CO2E.KT,121187.016,129987.816,134215.867,..,..,..,People's Democratic Republic of Algeria,Upper middle income,Middle East & North AfricaEcuador,ECU,CO2 emissions (kt),EN.ATM.CO2E.KT,39640.27,40472.679,43527.29,..,..,..,Republic of Ecuador,Upper middle income,Latin America & Caribbean"Egypt, Arab Rep.",EGY,CO2 emissions (kt),EN.ATM.CO2E.KT,217163.407,217068.065,213012.363,..,..,..,Arab Republic of Egypt,Lower middle income,Middle East & North AfricaEritrea,ERI,CO2 emissions (kt),EN.ATM.CO2E.KT,594.054,660.06,667.394,..,..,..,State of Eritrea,Low income,Sub-Saharan AfricaSpain,ESP,CO2 emissions (kt),EN.ATM.CO2E.KT,270547.593,264779.402,236968.874,..,..,..,Kingdom of Spain,High income,Europe & Central AsiaEstonia,EST,CO2 emissions (kt),EN.ATM.CO2E.KT,18606.358,17623.602,19915.477,..,..,..,Republic of Estonia,High income,Europe & Central AsiaEthiopia,ETH,CO2 emissions (kt),EN.ATM.CO2E.KT,7726.369,8562.445,10634.3,..,..,..,Federal Democratic Republic of Ethiopia,Low income,Sub-Saharan AfricaFinland,FIN,CO2 emissions (kt),EN.ATM.CO2E.KT,56636.815,48826.105,46299.542,..,..,..,Republic of Finland,High income,Europe & Central AsiaFiji,FJI,CO2 emissions (kt),EN.ATM.CO2E.KT,1591.478,1595.145,1708.822,..,..,..,Republic of Fiji,Upper middle income,East Asia & PacificFrance,FRA,CO2 emissions (kt),EN.ATM.CO2E.KT,331537.137,332956.266,333190.954,..,..,..,French Republic,High income,Europe & Central AsiaFaroe Islands,FRO,CO2 emissions (kt),EN.ATM.CO2E.KT,568.385,590.387,594.054,..,..,..,Faroe Islands,High income,Europe & Central Asia"Micronesia, Fed. Sts.",FSM,CO2 emissions (kt),EN.ATM.CO2E.KT,128.345,143.013,146.68,..,..,..,Federated States of Micronesia,Lower middle income,East Asia & PacificGabon,GAB,CO2 emissions (kt),EN.ATM.CO2E.KT,4470.073,4580.083,4756.099,..,..,..,Gabonese Republic,Upper middle income,Sub-Saharan AfricaUnited Kingdom,GBR,CO2 emissions (kt),EN.ATM.CO2E.KT,447935.051,467197.802,457472.918,..,..,..,United Kingdom of Great Britain and Northern Ireland,High income,Europe & Central AsiaGeorgia,GEO,CO2 emissions (kt),EN.ATM.CO2E.KT,6882.959,7356.002,7510.016,..,..,..,Georgia,Upper middle income,Europe & Central AsiaGhana,GHA,CO2 emissions (kt),EN.ATM.CO2E.KT,9831.227,11877.413,14620.329,..,..,..,Republic of Ghana,Lower middle income,Sub-Saharan AfricaGibraltar,GIB,CO2 emissions (kt),EN.ATM.CO2E.KT,454.708,462.042,491.378,..,..,..,Gibraltar,High income,Europe & Central AsiaGuinea,GIN,CO2 emissions (kt),EN.ATM.CO2E.KT,2779.586,2581.568,2299.209,..,..,..,Republic of Guinea,Low income,Sub-Saharan Africa"Gambia, The",GMB,CO2 emissions (kt),EN.ATM.CO2E.KT,436.373,473.043,491.378,..,..,..,Republic of The Gambia,Low income,Sub-Saharan AfricaGuinea-Bissau,GNB,CO2 emissions (kt),EN.ATM.CO2E.KT,245.689,253.023,256.69,..,..,..,Republic of Guinea-Bissau,Low income,Sub-Saharan AfricaEquatorial Guinea,GNQ,CO2 emissions (kt),EN.ATM.CO2E.KT,6769.282,5830.53,5412.492,..,..,..,Republic of Equatorial Guinea,Upper middle income,Sub-Saharan AfricaGreece,GRC,CO2 emissions (kt),EN.ATM.CO2E.KT,80725.338,79969.936,69155.953,..,..,..,Hellenic Republic,High income,Europe & Central AsiaGrenada,GRD,CO2 emissions (kt),EN.ATM.CO2E.KT,253.023,271.358,304.361,..,..,..,Grenada,Upper middle income,Latin America & CaribbeanGreenland,GRL,CO2 emissions (kt),EN.ATM.CO2E.KT,707.731,568.385,568.385,..,..,..,Greenland,High income,Europe & Central AsiaGuatemala,GTM,CO2 emissions (kt),EN.ATM.CO2E.KT,11837.076,11972.755,13597.236,..,..,..,Republic of Guatemala,Lower middle income,Latin America & CaribbeanGuam,GUM,CO2 emissions (kt),EN.ATM.CO2E.KT,..,..,..,..,..,..,Guam,High income,East Asia & PacificGuyana,GUY,CO2 emissions (kt),EN.ATM.CO2E.KT,1782.162,1994.848,1936.176,..,..,..,Co-operative Republic of Guyana,Upper middle income,Latin America & Caribbean"Hong Kong SAR, China",HKG,CO2 emissions (kt),EN.ATM.CO2E.KT,43794.981,43446.616,44994.09,..,..,..,Hong Kong Special Administrative Region of the People's Republic of China,High income,East Asia & PacificHonduras,HND,CO2 emissions (kt),EN.ATM.CO2E.KT,8954.814,8984.15,9064.824,..,..,..,Republic of Honduras,Lower middle income,Latin America & CaribbeanCroatia,HRV,CO2 emissions (kt),EN.ATM.CO2E.KT,20058.49,18162.651,17711.61,..,..,..,Republic of Croatia,High income,Europe & Central AsiaHaiti,HTI,CO2 emissions (kt),EN.ATM.CO2E.KT,2218.535,2317.544,2405.552,..,..,..,Republic of Haiti,Low income,Latin America & CaribbeanHungary,HUN,CO2 emissions (kt),EN.ATM.CO2E.KT,47762.675,44521.047,41440.767,..,..,..,Hungary,High income,Europe & Central AsiaIndonesia,IDN,CO2 emissions (kt),EN.ATM.CO2E.KT,573379.454,599539.832,479364.908,..,..,..,Republic of Indonesia,Lower middle income,East Asia & PacificIsle of Man,IMY,CO2 emissions (kt),EN.ATM.CO2E.KT,..,..,..,..,..,..,Isle of Man,High income,Europe & Central AsiaIndia,IND,CO2 emissions (kt),EN.ATM.CO2E.KT,1846763.539,2018503.817,2034752.294,..,..,..,Republic of India,Lower middle income,South AsiaIreland,IRL,CO2 emissions (kt),EN.ATM.CO2E.KT,35826.59,35720.247,34964.845,..,..,..,Ireland,High income,Europe & Central Asia"Iran, Islamic Rep.",IRN,CO2 emissions (kt),EN.ATM.CO2E.KT,619165.616,643862.861,616976.417,..,..,..,Islamic Republic of Iran,Upper middle income,Middle East & North AfricaIraq,IRQ,CO2 emissions (kt),EN.ATM.CO2E.KT,133929.841,153012.909,167812.921,..,..,..,Republic of Iraq,Upper middle income,Middle East & North AfricaIceland,ISL,CO2 emissions (kt),EN.ATM.CO2E.KT,1881.171,1870.17,1969.179,..,..,..,Republic of Iceland,High income,Europe & Central AsiaIsrael,ISR,CO2 emissions (kt),EN.ATM.CO2E.KT,69130.284,75529.199,71073.794,..,..,..,State of Israel,High income,Middle East & North AfricaItaly,ITA,CO2 emissions (kt),EN.ATM.CO2E.KT,397994.178,369446.583,344767.673,..,..,..,Italian Republic,High income,Europe & Central AsiaJamaica,JAM,CO2 emissions (kt),EN.ATM.CO2E.KT,7722.702,7326.666,7726.369,..,..,..,Jamaica,Upper middle income,Latin America & CaribbeanJordan,JOR,CO2 emissions (kt),EN.ATM.CO2E.KT,21668.303,24858.593,24807.255,..,..,..,Hashemite Kingdom of Jordan,Upper middle income,Middle East & North AfricaJapan,JPN,CO2 emissions (kt),EN.ATM.CO2E.KT,1191056.268,1229574.436,1243384.358,..,..,..,Japan,High income,East Asia & PacificKazakhstan,KAZ,CO2 emissions (kt),EN.ATM.CO2E.KT,259121.221,244720.912,262901.898,..,..,..,Republic of Kazakhstan,Upper middle income,Europe & Central AsiaKenya,KEN,CO2 emissions (kt),EN.ATM.CO2E.KT,13457.89,12515.471,13300.209,..,..,..,Republic of Kenya,Lower middle income,Sub-Saharan AfricaKyrgyz Republic,KGZ,CO2 emissions (kt),EN.ATM.CO2E.KT,7656.696,10120.92,9842.228,..,..,..,Kyrgyz Republic,Lower middle income,Europe & Central AsiaCambodia,KHM,CO2 emissions (kt),EN.ATM.CO2E.KT,5207.14,5456.496,5573.84,..,..,..,Kingdom of Cambodia,Lower middle income,East Asia & PacificKiribati,KIR,CO2 emissions (kt),EN.ATM.CO2E.KT,62.339,62.339,62.339,..,..,..,Republic of Kiribati,Lower middle income,East Asia & PacificSt. Kitts and Nevis,KNA,CO2 emissions (kt),EN.ATM.CO2E.KT,267.691,278.692,278.692,..,..,..,St. Kitts and Nevis,High income,Latin America & Caribbean"Korea, Rep.",KOR,CO2 emissions (kt),EN.ATM.CO2E.KT,589400.577,584079.76,592499.192,..,..,..,Republic of Korea,High income,East Asia & PacificKosovo,KSV,CO2 emissions (kt),EN.ATM.CO2E.KT,..,..,..,..,..,..,Republic of Kosovo,Lower middle income,Europe & Central AsiaKuwait,KWT,CO2 emissions (kt),EN.ATM.CO2E.KT,91029.608,101146.861,97960.238,..,..,..,State of Kuwait,High income,Middle East & North AfricaLao PDR,LAO,CO2 emissions (kt),EN.ATM.CO2E.KT,1624.481,2159.863,2174.531,..,..,..,Lao People's Democratic Republic,Lower middle income,East Asia & PacificLebanon,LBN,CO2 emissions (kt),EN.ATM.CO2E.KT,20450.859,22640.058,22581.386,..,..,..,Lebanese Republic,Upper middle income,Middle East & North AfricaLiberia,LBR,CO2 emissions (kt),EN.ATM.CO2E.KT,894.748,1030.427,957.087,..,..,..,Republic of Liberia,Low income,Sub-Saharan AfricaLibya,LBY,CO2 emissions (kt),EN.ATM.CO2E.KT,39390.914,52397.763,51040.973,..,..,..,Socialist People's Libyan Arab Jamahiriya,Upper middle income,Middle East & North AfricaSt. Lucia,LCA,CO2 emissions (kt),EN.ATM.CO2E.KT,407.037,407.037,407.037,..,..,..,St. Lucia,Upper middle income,Latin America & CaribbeanLiechtenstein,LIE,CO2 emissions (kt),EN.ATM.CO2E.KT,47.671,47.671,51.338,..,..,..,Principality of Liechtenstein,High income,Europe & Central AsiaSri Lanka,LKA,CO2 emissions (kt),EN.ATM.CO2E.KT,15232.718,16226.475,16024.79,..,..,..,Democratic Socialist Republic of Sri Lanka,Lower middle income,South AsiaLesotho,LSO,CO2 emissions (kt),EN.ATM.CO2E.KT,2200.2,2222.202,2295.542,..,..,..,Kingdom of Lesotho,Lower middle income,Sub-Saharan AfricaLithuania,LTU,CO2 emissions (kt),EN.ATM.CO2E.KT,13787.92,13831.924,12640.149,..,..,..,Republic of Lithuania,High income,Europe & Central AsiaLuxembourg,LUX,CO2 emissions (kt),EN.ATM.CO2E.KT,10938.661,10663.636,10161.257,..,..,..,Grand Duchy of Luxembourg,High income,Europe & Central AsiaLatvia,LVA,CO2 emissions (kt),EN.ATM.CO2E.KT,7300.997,7062.642,7080.977,..,..,..,Republic of Latvia,High income,Europe & Central Asia"Macao SAR, China",MAC,CO2 emissions (kt),EN.ATM.CO2E.KT,2357.881,2273.54,2167.197,..,..,..,Macao Special Administrative Region of the People's Republic of China,High income,East Asia & PacificSt. Martin (French part),MAF,CO2 emissions (kt),EN.ATM.CO2E.KT,..,..,..,..,..,..,St. Martin (French part),High income,Latin America & CaribbeanMorocco,MAR,CO2 emissions (kt),EN.ATM.CO2E.KT,57685.577,62724.035,58558.323,..,..,..,Kingdom of Morocco,Lower middle income,Middle East & North AfricaMonaco,MCO,CO2 emissions (kt),EN.ATM.CO2E.KT,..,..,..,..,..,..,Principality of Monaco,High income,Europe & Central AsiaMoldova,MDA,CO2 emissions (kt),EN.ATM.CO2E.KT,5038.458,4924.781,4976.119,..,..,..,Republic of Moldova,Lower middle income,Europe & Central AsiaMadagascar,MDG,CO2 emissions (kt),EN.ATM.CO2E.KT,2313.877,2665.909,3076.613,..,..,..,Republic of Madagascar,Low income,Sub-Saharan AfricaMaldives,MDV,CO2 emissions (kt),EN.ATM.CO2E.KT,953.42,1078.098,1048.762,..,..,..,Republic of Maldives,Upper middle income,South AsiaMexico,MEX,CO2 emissions (kt),EN.ATM.CO2E.KT,466779.764,480883.046,488602.081,..,..,..,United Mexican States,Upper middle income,Latin America & CaribbeanMarshall Islands,MHL,CO2 emissions (kt),EN.ATM.CO2E.KT,102.676,102.676,102.676,..,..,..,Republic of the Marshall Islands,Upper middle income,East Asia & Pacific"Macedonia, FYR",MKD,CO2 emissions (kt),EN.ATM.CO2E.KT,9387.52,8962.148,8294.754,..,..,..,Former Yugoslav Republic of Macedonia,Upper middle income,Europe & Central AsiaMali,MLI,CO2 emissions (kt),EN.ATM.CO2E.KT,1045.095,993.757,1026.76,..,..,..,Republic of Mali,Low income,Sub-Saharan AfricaMalta,MLT,CO2 emissions (kt),EN.ATM.CO2E.KT,2519.229,2665.909,2218.535,..,..,..,Republic of Malta,High income,Middle East & North AfricaMyanmar,MMR,CO2 emissions (kt),EN.ATM.CO2E.KT,14297.633,12933.509,12603.479,..,..,..,Republic of the Union of Myanmar,Lower middle income,East Asia & PacificMontenegro,MNE,CO2 emissions (kt),EN.ATM.CO2E.KT,2570.567,2335.879,2247.871,..,..,..,Montenegro,Upper middle income,Europe & Central AsiaMongolia,MNG,CO2 emissions (kt),EN.ATM.CO2E.KT,27583.174,32727.975,41591.114,..,..,..,Mongolia,Lower middle income,East Asia & PacificNorthern Mariana Islands,MNP,CO2 emissions (kt),EN.ATM.CO2E.KT,..,..,..,..,..,..,Commonwealth of the Northern Mariana Islands,High income,East Asia & PacificMozambique,MOZ,CO2 emissions (kt),EN.ATM.CO2E.KT,3223.293,3120.617,4019.032,..,..,..,Republic of Mozambique,Low income,Sub-Saharan AfricaMauritania,MRT,CO2 emissions (kt),EN.ATM.CO2E.KT,2394.551,2654.908,2647.574,..,..,..,Islamic Republic of Mauritania,Lower middle income,Sub-Saharan AfricaMauritius,MUS,CO2 emissions (kt),EN.ATM.CO2E.KT,3920.023,4070.37,3725.672,..,..,..,Republic of Mauritius,Upper middle income,Sub-Saharan AfricaMalawi,MWI,CO2 emissions (kt),EN.ATM.CO2E.KT,1188.108,1129.436,1272.449,..,..,..,Republic of Malawi,Low income,Sub-Saharan AfricaMalaysia,MYS,CO2 emissions (kt),EN.ATM.CO2E.KT,220405.035,218707.214,236510.499,..,..,..,Malaysia,Upper middle income,East Asia & PacificNamibia,NAM,CO2 emissions (kt),EN.ATM.CO2E.KT,2823.59,3373.64,2948.268,..,..,..,Republic of Namibia,Upper middle income,Sub-Saharan AfricaNew Caledonia,NCL,CO2 emissions (kt),EN.ATM.CO2E.KT,3648.665,3630.33,3861.351,..,..,..,New Caledonia,High income,East Asia & PacificNiger,NER,CO2 emissions (kt),EN.ATM.CO2E.KT,1327.454,1866.503,1961.845,..,..,..,Republic of Niger,Low income,Sub-Saharan AfricaNigeria,NGA,CO2 emissions (kt),EN.ATM.CO2E.KT,96093.735,99636.057,95650.028,..,..,..,Federal Republic of Nigeria,Lower middle income,Sub-Saharan AfricaNicaragua,NIC,CO2 emissions (kt),EN.ATM.CO2E.KT,4880.777,4675.425,4569.082,..,..,..,Republic of Nicaragua,Lower middle income,Latin America & CaribbeanNetherlands,NLD,CO2 emissions (kt),EN.ATM.CO2E.KT,172400.338,169378.73,169972.784,..,..,..,Kingdom of the Netherlands,High income,Europe & Central AsiaNorway,NOR,CO2 emissions (kt),EN.ATM.CO2E.KT,45195.775,49889.535,59636.421,..,..,..,Kingdom of Norway,High income,Europe & Central AsiaNepal,NPL,CO2 emissions (kt),EN.ATM.CO2E.KT,5533.503,5845.198,6501.591,..,..,..,Nepal,Low income,South AsiaNauru,NRU,CO2 emissions (kt),EN.ATM.CO2E.KT,40.337,40.337,44.004,..,..,..,Republic of Nauru,High income,East Asia & PacificNew Zealand,NZL,CO2 emissions (kt),EN.ATM.CO2E.KT,31503.197,34506.47,33960.087,..,..,..,New Zealand,High income,East Asia & PacificOman,OMN,CO2 emissions (kt),EN.ATM.CO2E.KT,56215.11,59203.715,61183.895,..,..,..,Sultanate of Oman,High income,Middle East & North AfricaPakistan,PAK,CO2 emissions (kt),EN.ATM.CO2E.KT,162008.06,163060.489,153368.608,..,..,..,Islamic Republic of Pakistan,Lower middle income,South AsiaPanama,PAN,CO2 emissions (kt),EN.ATM.CO2E.KT,10098.918,10084.25,10362.942,..,..,..,Republic of Panama,Upper middle income,Latin America & CaribbeanPeru,PER,CO2 emissions (kt),EN.ATM.CO2E.KT,49632.845,54520.956,57153.862,..,..,..,Republic of Peru,Upper middle income,Latin America & CaribbeanPhilippines,PHL,CO2 emissions (kt),EN.ATM.CO2E.KT,85584.113,91319.301,98238.93,..,..,..,Republic of the Philippines,Lower middle income,East Asia & PacificPalau,PLW,CO2 emissions (kt),EN.ATM.CO2E.KT,223.687,223.687,223.687,..,..,..,Republic of Palau,Upper middle income,East Asia & PacificPapua New Guinea,PNG,CO2 emissions (kt),EN.ATM.CO2E.KT,5229.142,4979.786,6072.552,..,..,..,The Independent State of Papua New Guinea,Lower middle income,East Asia & PacificPoland,POL,CO2 emissions (kt),EN.ATM.CO2E.KT,316997.482,299960.6,302333.149,..,..,..,Republic of Poland,High income,Europe & Central AsiaPuerto Rico,PRI,CO2 emissions (kt),EN.ATM.CO2E.KT,..,..,..,..,..,..,Puerto Rico,High income,Latin America & Caribbean"Korea, Dem. People’s Rep.",PRK,CO2 emissions (kt),EN.ATM.CO2E.KT,48133.042,49112.131,50091.22,..,..,..,Democratic People's Republic of Korea,Low income,East Asia & PacificPortugal,PRT,CO2 emissions (kt),EN.ATM.CO2E.KT,47623.329,46061.187,46262.872,..,..,..,Portuguese Republic,High income,Europe & Central AsiaParaguay,PRY,CO2 emissions (kt),EN.ATM.CO2E.KT,5320.817,5207.14,4972.452,..,..,..,Republic of Paraguay,Upper middle income,Latin America & CaribbeanFrench Polynesia,PYF,CO2 emissions (kt),EN.ATM.CO2E.KT,832.409,814.074,821.408,..,..,..,French Polynesia,High income,East Asia & PacificQatar,QAT,CO2 emissions (kt),EN.ATM.CO2E.KT,80435.645,94124.556,85023.062,..,..,..,State of Qatar,High income,Middle East & North AfricaRomania,ROM,CO2 emissions (kt),EN.ATM.CO2E.KT,84872.715,81722.762,70736.43,..,..,..,Romania,Upper middle income,Europe & Central AsiaRussian Federation,RUS,CO2 emissions (kt),EN.ATM.CO2E.KT,1768073.386,1835608.525,1789074.295,..,..,..,Russian Federation,Upper middle income,Europe & Central AsiaRwanda,RWA,CO2 emissions (kt),EN.ATM.CO2E.KT,663.727,737.067,799.406,..,..,..,Republic of Rwanda,Low income,Sub-Saharan AfricaSaudi Arabia,SAU,CO2 emissions (kt),EN.ATM.CO2E.KT,500728.85,565997.783,541428.883,..,..,..,Kingdom of Saudi Arabia,High income,Middle East & North AfricaSudan,SDN,CO2 emissions (kt),EN.ATM.CO2E.KT,15658.09,14660.666,15445.404,..,..,..,Republic of the Sudan,Lower middle income,Sub-Saharan AfricaSenegal,SEN,CO2 emissions (kt),EN.ATM.CO2E.KT,8368.094,7913.386,8423.099,..,..,..,Republic of Senegal,Low income,Sub-Saharan AfricaSingapore,SGP,CO2 emissions (kt),EN.ATM.CO2E.KT,38327.484,54627.299,50556.929,..,..,..,Republic of Singapore,High income,East Asia & PacificSolomon Islands,SLB,CO2 emissions (kt),EN.ATM.CO2E.KT,198.018,198.018,198.018,..,..,..,Solomon Islands,Lower middle income,East Asia & PacificSierra Leone,SLE,CO2 emissions (kt),EN.ATM.CO2E.KT,898.415,1030.427,1191.775,..,..,..,Republic of Sierra Leone,Low income,Sub-Saharan AfricaEl Salvador,SLV,CO2 emissions (kt),EN.ATM.CO2E.KT,6648.271,7198.321,6358.578,..,..,..,Republic of El Salvador,Lower middle income,Latin America & CaribbeanSan Marino,SMR,CO2 emissions (kt),EN.ATM.CO2E.KT,..,..,..,..,..,..,Republic of San Marino,High income,Europe & Central AsiaSomalia,SOM,CO2 emissions (kt),EN.ATM.CO2E.KT,575.719,638.058,623.39,..,..,..,Somali Democratic Republic,Low income,Sub-Saharan AfricaSerbia,SRB,CO2 emissions (kt),EN.ATM.CO2E.KT,49192.805,44062.672,44869.412,..,..,..,Republic of Serbia,Upper middle income,Europe & Central AsiaSouth Sudan,SSD,CO2 emissions (kt),EN.ATM.CO2E.KT,..,1331.121,1448.465,..,..,..,Republic of South Sudan,Low income,Sub-Saharan AfricaSao Tome and Principe,STP,CO2 emissions (kt),EN.ATM.CO2E.KT,102.676,113.677,113.677,..,..,..,Democratic Republic of S‹o Tom_ and Principe,Lower middle income,Sub-Saharan AfricaSuriname,SUR,CO2 emissions (kt),EN.ATM.CO2E.KT,2170.864,2508.228,2101.191,..,..,..,Republic of Suriname,Upper middle income,Latin America & CaribbeanSlovak Republic,SVK,CO2 emissions (kt),EN.ATM.CO2E.KT,34524.805,32764.645,33677.728,..,..,..,Slovak Republic,High income,Europe & Central AsiaSlovenia,SVN,CO2 emissions (kt),EN.ATM.CO2E.KT,15192.381,14928.357,14440.646,..,..,..,Republic of Slovenia,High income,Europe & Central AsiaSweden,SWE,CO2 emissions (kt),EN.ATM.CO2E.KT,51734.036,47047.61,44326.696,..,..,..,Kingdom of Sweden,High income,Europe & Central AsiaSwaziland,SWZ,CO2 emissions (kt),EN.ATM.CO2E.KT,1048.762,1206.443,1089.099,..,..,..,Kingdom of Swaziland,Lower middle income,Sub-Saharan AfricaSint Maarten (Dutch part),SXM,CO2 emissions (kt),EN.ATM.CO2E.KT,..,744.401,762.736,..,..,..,Sint Maarten (Dutch part),High income,Latin America & CaribbeanSeychelles,SYC,CO2 emissions (kt),EN.ATM.CO2E.KT,597.721,704.064,645.392,..,..,..,Republic of Seychelles,High income,Sub-Saharan AfricaSyrian Arab Republic,SYR,CO2 emissions (kt),EN.ATM.CO2E.KT,56908.173,43820.65,36064.945,..,..,..,Syrian Arab Republic,Lower middle income,Middle East & North AfricaTurks and Caicos Islands,TCA,CO2 emissions (kt),EN.ATM.CO2E.KT,190.684,198.018,198.018,..,..,..,Turks and Caicos Islands,High income,Latin America & CaribbeanChad,TCD,CO2 emissions (kt),EN.ATM.CO2E.KT,539.049,542.716,608.722,..,..,..,Republic of Chad,Low income,Sub-Saharan AfricaTogo,TGO,CO2 emissions (kt),EN.ATM.CO2E.KT,2409.219,2163.53,2229.536,..,..,..,Republic of Togo,Low income,Sub-Saharan AfricaThailand,THA,CO2 emissions (kt),EN.ATM.CO2E.KT,290342.059,305222.745,303117.887,..,..,..,Kingdom of Thailand,Upper middle income,East Asia & PacificTajikistan,TJK,CO2 emissions (kt),EN.ATM.CO2E.KT,2350.547,3054.611,3586.326,..,..,..,Republic of Tajikistan,Lower middle income,Europe & Central AsiaTurkmenistan,TKM,CO2 emissions (kt),EN.ATM.CO2E.KT,62592.023,64993.908,66893.414,..,..,..,Turkmenistan,Upper middle income,Europe & Central AsiaTimor-Leste,TMP,CO2 emissions (kt),EN.ATM.CO2E.KT,245.689,293.36,440.04,..,..,..,Democratic Republic of Timor-Leste,Lower middle income,East Asia & PacificTonga,TON,CO2 emissions (kt),EN.ATM.CO2E.KT,102.676,179.683,209.019,..,..,..,Kingdom of Tonga,Lower middle income,East Asia & PacificTrinidad and Tobago,TTO,CO2 emissions (kt),EN.ATM.CO2E.KT,46900.93,45371.791,46541.564,..,..,..,Republic of Trinidad and Tobago,High income,Latin America & CaribbeanTunisia,TUN,CO2 emissions (kt),EN.ATM.CO2E.KT,26021.032,27003.788,27667.515,..,..,..,Republic of Tunisia,Lower middle income,Middle East & North AfricaTurkey,TUR,CO2 emissions (kt),EN.ATM.CO2E.KT,320840.498,329560.624,323451.402,..,..,..,Republic of Turkey,Upper middle income,Europe & Central AsiaTuvalu,TUV,CO2 emissions (kt),EN.ATM.CO2E.KT,..,..,..,..,..,..,Tuvalu,Upper middle income,East Asia & PacificTanzania,TZA,CO2 emissions (kt),EN.ATM.CO2E.KT,8093.069,9545.201,10751.644,..,..,..,United Republic of Tanzania,Low income,Sub-Saharan AfricaUganda,UGA,CO2 emissions (kt),EN.ATM.CO2E.KT,4264.721,4085.038,4895.445,..,..,..,Republic of Uganda,Low income,Sub-Saharan AfricaUkraine,UKR,CO2 emissions (kt),EN.ATM.CO2E.KT,286444.038,295772.886,271101.31,..,..,..,Ukraine,Lower middle income,Europe & Central AsiaUruguay,URY,CO2 emissions (kt),EN.ATM.CO2E.KT,7763.039,8694.457,7605.358,..,..,..,Oriental Republic of Uruguay,High income,Latin America & CaribbeanUnited States,USA,CO2 emissions (kt),EN.ATM.CO2E.KT,5305279.921,5115806.031,5186168.427,..,..,..,United States of America,High income,North AmericaUzbekistan,UZB,CO2 emissions (kt),EN.ATM.CO2E.KT,113684.334,115814.861,103226.05,..,..,..,Republic of Uzbekistan,Lower middle income,Europe & Central AsiaSt. Vincent and the Grenadines,VCT,CO2 emissions (kt),EN.ATM.CO2E.KT,198.018,253.023,209.019,..,..,..,St. Vincent and the Grenadines,Upper middle income,Latin America & Caribbean"Venezuela, RB",VEN,CO2 emissions (kt),EN.ATM.CO2E.KT,178806.587,198641.39,185531.865,..,..,..,Repœblica Bolivariana de Venezuela,Upper middle income,Latin America & CaribbeanBritish Virgin Islands,VGB,CO2 emissions (kt),EN.ATM.CO2E.KT,176.016,176.016,176.016,..,..,..,British Virgin Islands,High income,Latin America & CaribbeanVirgin Islands (U.S.),VIR,CO2 emissions (kt),EN.ATM.CO2E.KT,..,..,..,..,..,..,Virgin Islands of the United States,High income,Latin America & CaribbeanVietnam,VNM,CO2 emissions (kt),EN.ATM.CO2E.KT,161887.049,158231.05,152624.207,..,..,..,Socialist Republic of Vietnam,Lower middle income,East Asia & PacificVanuatu,VUT,CO2 emissions (kt),EN.ATM.CO2E.KT,132.012,113.677,106.343,..,..,..,Republic of Vanuatu,Lower middle income,East Asia & PacificWest Bank and Gaza,WBG,CO2 emissions (kt),EN.ATM.CO2E.KT,2247.871,2200.2,2438.555,..,..,..,West Bank and Gaza,Lower middle income,Middle East & North AfricaSamoa,WSM,CO2 emissions (kt),EN.ATM.CO2E.KT,234.688,253.023,238.355,..,..,..,Samoa,Lower middle income,East Asia & Pacific"Yemen, Rep.",YEM,CO2 emissions (kt),EN.ATM.CO2E.KT,19666.121,18290.996,25346.304,..,..,..,Republic of Yemen,Lower middle income,Middle East & North AfricaSouth Africa,ZAF,CO2 emissions (kt),EN.ATM.CO2E.KT,475037.848,472071.245,471238.836,..,..,..,Republic of South Africa,Upper middle income,Sub-Saharan Africa"Congo, Dem. Rep.",ZAR,CO2 emissions (kt),EN.ATM.CO2E.KT,2467.891,2559.566,2779.586,..,..,..,Democratic Republic of the Congo,Low income,Sub-Saharan AfricaZambia,ZMB,CO2 emissions (kt),EN.ATM.CO2E.KT,2933.6,3479.983,3824.681,..,..,..,Republic of Zambia,Lower middle income,Sub-Saharan AfricaZimbabwe,ZWE,CO2 emissions (kt),EN.ATM.CO2E.KT,11628.057,12933.509,13780.586,..,..,..,Republic of Zimbabwe,Low income,Sub-Saharan Africa